,paths,labels
0,0.jpg,مناع عبدالمطلب مجيد البتول
1,1.jpg,سلوى خباب مشعل سفيان
2,2.jpg,عروة رمزي طريف شامخ
3,3.jpg,دريد مبرور ظافرة نسيم
4,4.jpg,منان أوصاف ضاري مهيب
5,5.jpg,تانيا سديم زبير جنا
6,6.jpg,دحام مكتوم عزيز عبدالباقي
7,7.jpg,ربى أشقر بازعة نبيل
8,8.jpg,بديعة ستار أنعم لؤي
9,9.jpg,أنهار ثويبة رافق لهيفة
10,10.jpg,كيان ريا سعدة سيلين
11,11.jpg,هجرس شروق راتبة رفيف
12,12.jpg,خولة لمعي مخلص ستار
13,13.jpg,أمينة مضر حنان موهبة
14,14.jpg,منذر نعمة خالص سمعان
15,15.jpg,بكري تائب إكليل رفيدة
16,16.jpg,كهلان مروان رانيا وليف
17,17.jpg,ليال عائض رابعة أغيد
18,18.jpg,هاشم نبال شوقي عليم
19,19.jpg,هاجر فائقة دعيج عراد
20,20.jpg,كاملة أمجد غزوان ساعف
21,21.jpg,سندس جنادة خولة باسل
22,22.jpg,دانيا رؤوف جيهان شيبان
23,23.jpg,ملهمة أسلم نسيب نايف
24,24.jpg,رفعة شجون ورد وتين
25,25.jpg,جمانة عبدالخالق عنتر ناصح
26,26.jpg,أشيم فارع يحيى بشارة
27,27.jpg,بلقيس عائذة وديع عذاري
28,28.jpg,فتحية باسط فيروز سمعان
29,29.jpg,عوني إيناس ناشر سونيا
30,30.jpg,إيناس ريما نهلة عكاشة
31,31.jpg,روضة مبروك ذاكر رسمي
32,32.jpg,أمواج شاكر هديل أسرار
33,33.jpg,مطلب غزيل نظير منيبة
34,34.jpg,مدركة عياش عبدالحليم حنظلة
35,35.jpg,رمزية لباب حنظلة باسق
36,36.jpg,مطر فالح فطين جعفر
37,37.jpg,مخلد غضنفر ركان رشيد
38,38.jpg,حارث مسفر إسحاق ناهي
39,39.jpg,رهام محبوب ضاهر عبدالرزاق
40,40.jpg,موزة سلمى أمجاد ثوبة
41,41.jpg,محيا زيدون سميحة ممدوح
42,42.jpg,سؤدد عزة رافقة رزان
43,43.jpg,ناشد ماريا رفيق دحام
44,44.jpg,كهلان أسد إقبال اسلم
45,45.jpg,حسنية خالص جواد مسلم
46,46.jpg,فدوى دانية صدام انسجام
47,47.jpg,ضيف نظيرة ناهض نائل
48,48.jpg,صفوت بشرى زين وهبة
49,49.jpg,أثيل سعدة عبدالنور شوكت
50,50.jpg,بلقيس عادل أحمد مديد
51,51.jpg,عائد عبادة عهد سهيلة
52,52.jpg,فنن سلمان فالح وضحى
53,53.jpg,لبانة خالص قابس مفتاح
54,54.jpg,أمنية ضاهر نبيهة مسعود
55,55.jpg,ريماس نسرين شهم فيروز
56,56.jpg,عليم أوصاف منصور نظير
57,57.jpg,رجب خويلد نوري فهيم
58,58.jpg,وضحى حكيم ابتهاج المثنى
59,59.jpg,البتول رحيق ماضي باشق
60,60.jpg,أبلج زهية نبيلة مناير
61,61.jpg,معاد أمارة غضنفر الريم
62,62.jpg,ملهمة بارزة ساهدة نهال
63,63.jpg,بشاير نزار عهود كلاب
64,64.jpg,فاتن كلاب شمس الدين عنترة
65,65.jpg,جنا فهمي عزب سالي
66,66.jpg,عبدالكريم جويرية ليلى نمر
67,67.jpg,روابي لؤي زهير راسخ
68,68.jpg,شريفة أسيل خلدون عبيد
69,69.jpg,ظافر نادية نذير جمعان
70,70.jpg,ملهم عبدالصمد وسام معروف
71,71.jpg,قصي بديعة عابد شفيع
72,72.jpg,أكثم عبدالخالق صبيح ليالي
73,73.jpg,محرز عليم مطير روابي
74,74.jpg,عبداللطيف تميم جواد سعدون
75,75.jpg,تيسير عمر بتول قتادة
76,76.jpg,لينا ابراهيم سلطانة رعد
77,77.jpg,كميت عبدالجليل فرحات معلوف
78,78.jpg,ساهد قدري عزت سارح
79,79.jpg,باركة أكثم خليفة خباب
80,80.jpg,نور عذاري كفى فخرية
81,81.jpg,مكين هدير عون عرفات
82,82.jpg,مجيد شاهدة سميع أثيل
83,83.jpg,قدري عويس نورهان سيد
84,84.jpg,راتب أسرار غلا بدر
85,85.jpg,أبو بكر وردة حنظلة عامر
86,86.jpg,منذرة نادية لؤي صفية
87,87.jpg,لين لبيد مهيبة مراد
88,88.jpg,ريم حسين عصمت بكري
89,89.jpg,سهاد مها ريهام عرفات
90,90.jpg,ضاري حور زهرة أثير
91,91.jpg,دريد شهيد فرحات قثم
92,92.jpg,جميل آية مضر كميت
93,93.jpg,مصلح جويرية جوان حسنية
94,94.jpg,معروف رحاب قتادة عهد
95,95.jpg,عقلة أفكار حسين نهاد
96,96.jpg,بارية غزوان قسام عائذة
97,97.jpg,غريب سعد لبيب مديد
98,98.jpg,نجم فليح جلال عالية
99,99.jpg,ذعار رسيمة ربحي عنود
100,100.jpg,فادية بارعة قسام حافظ
101,101.jpg,كميت سونيا حور ذكية
102,102.jpg,طاهر سفيانة رزينة أشرم
103,103.jpg,نايف فخرية كفى خالدة
104,104.jpg,كلاب وسيم رأفت رزينة
105,105.jpg,صائنة ميلاد وسيم ردينة
106,106.jpg,جواد راغب سبع أشجع
107,107.jpg,ظاهر ناجدة راجحة إيناس
108,108.jpg,ناجحة سهام بتول مناع
109,109.jpg,مثاب فاضل فصيحة عبدالعزيز
110,110.jpg,رؤى حماد غياث عبدالسلام
111,111.jpg,رائض جبلة داني عبيد
112,112.jpg,فريد مطلب نبيهة رشيق
113,113.jpg,ياسمين رعد فرحان يسرا
114,114.jpg,شعيب منان نادين عبدالحليم
115,115.jpg,بشير عمار رسيم غادة
116,116.jpg,عبدالملك دغيم ضاري أزور
117,117.jpg,رافي جبرة فتيح سلامة
118,118.jpg,فرحات ياسر نورا سيد
119,119.jpg,وديعة مرام ناصيف فرح
120,120.jpg,سلام ابتهال خليل تولين
121,121.jpg,سامية سامر هبيرة نهال
122,122.jpg,أنمار منيب ماهر أنيسة
123,123.jpg,مدرك نصر شيبة تيسير
124,124.jpg,عبدو عبودة حامد مهيبة
125,125.jpg,رائد خليل مناحي عبدالباسط
126,126.jpg,رسول مشاري مهيب نورا
127,127.jpg,تواب شافي سلامة ساندرا
128,128.jpg,مبروك طارق عبدالملك شافي
129,129.jpg,ركين ريتا جويرية فيضي
130,130.jpg,كعب بهلول رصينة اجتهاد
131,131.jpg,ربى شاكرة عواد سمعان
132,132.jpg,عبدالكريم عرفة فاتح مجير
133,133.jpg,شريفة مثابة جبلة تيم
134,134.jpg,كبرى زاهر أدعج لطفي
135,135.jpg,ريناد صابرة جوهرة غريبة
136,136.jpg,رفيع ظفير فتون جامع
137,137.jpg,غانم تغاني ظفير مرشدي
138,138.jpg,سيار حنظلة حكيم عابد
139,139.jpg,حسان انشراف عائذة أجيد
140,140.jpg,منعم هزاع لؤي عبدالمجيد
141,141.jpg,يسرا إسحاق أمجد أخضر
142,142.jpg,ميادة فنن نسرين عتاب
143,143.jpg,فصيحة مهرة ناصر الدين فضل
144,144.jpg,رنا عكرمة عواد همام
145,145.jpg,أيوب شيبان صاعد جيهان
146,146.jpg,عقيل عبدالرشيد مبروكة خضر
147,147.jpg,هوازن أدهم أنسام رضا
148,148.jpg,دريد عريب قاسم برد
149,149.jpg,ضاري عقلة إقدام الجازي
150,150.jpg,طموح خازن خديجة هاجر
151,151.jpg,مظهر شداد عدلي عرفة
152,152.jpg,حمدون نهاد كنزى بندر
153,153.jpg,لماح حازم إصلاح فاضل
154,154.jpg,سلطان فخر أوصاف سرور
155,155.jpg,بارية ورد نظير حنيفة
156,156.jpg,عبودة مشتاق ذاكر فتوح
157,157.jpg,رغال نوار خاتمة لجينة
158,158.jpg,عمر مسفر راقية عاطف
159,159.jpg,توفيق بسام كليم سمعان
160,160.jpg,بارية عقلة شافع بسام
161,161.jpg,صقر بارزة منصفة دحام
162,162.jpg,إيثار شاكر رمزية مظهر
163,163.jpg,انبهاج عقلة عشير قطب
164,164.jpg,فكري ذبيان مطاعة عبدالغني
165,165.jpg,ميلاد وسام طيف عديل
166,166.jpg,رسول نواف أماني اسلم
167,167.jpg,ماريا عبادة مستور عبدالرحمن
168,168.jpg,أريام وهب عدنان نجود
169,169.jpg,أيسر نوال منان حسن
170,170.jpg,هائلة غسان صبيح داود
171,171.jpg,نجيب نجاد أمنية امتثال
172,172.jpg,أيوب صمصام ربيع ريهام
173,173.jpg,زيد ميادة راغد رسيم
174,174.jpg,صمد فخرية راتب عبدالحق
175,175.jpg,عائذ عائشة نجود تانيا
176,176.jpg,زاهي عراب بتول كميت
177,177.jpg,شماخ رشيد عديل شافي
178,178.jpg,ألفت ليث تولين خاتم
179,179.jpg,رهام صباح عبدالله ود
180,180.jpg,سؤدد ديمة شعبان تليد
181,181.jpg,راحيل أسمى هبيرة غزوان
182,182.jpg,جودت عدي ناشد هشام
183,183.jpg,معصوم أمل نعمان ضيغم
184,184.jpg,ميرا فتيح نسيب عائدة
185,185.jpg,مضاوي معطية دانية نورة
186,186.jpg,رسمية ابتسام آيات انبهاج
187,187.jpg,رزين رافي مقبل فخر
188,188.jpg,سعد جاسم عون كادي
189,189.jpg,عصام عذبة إيناس رفيدة
190,190.jpg,نصار هاني باهر سمية
191,191.jpg,حنشل رئيف مجاور شديد
192,192.jpg,منصف سبع تائب ناصحة
193,193.jpg,حارب ضاوي سهاد حنان
194,194.jpg,انشراف منيب نشوة عبير
195,195.jpg,عائذة بديعة محسن مصعب
196,196.jpg,معاد منيرة منصف لهيفة
197,197.jpg,مريم نديم نورس ابراهيم
198,198.jpg,صادح راغب سيار أميرة
199,199.jpg,اعتدال عباس رغال بسمة
